{
  "device": "cpu",
  "size": 2048,
  "repeats": 3,
  "average_seconds": 0.05399363133331766,
  "samples": [
    0.05686895700000605,
    0.06237505900026008,
    0.04273687799968684
  ]
}